"id","user_id","path","request","error","created_at","method"
"49ffeb8d-b787-4d6c-8d8b-be85f893ebe9","214804833809465345",http://localhost:3000/api/users,"{""id"": ""aze"", ""jobId"": 1, ""rankId"": 2}","{""cause"": {""code"": ""23505"", ""file"": ""nbtinsert.c"", ""line"": ""666"", ""name"": ""error"", ""table"": ""users"", ""detail"": ""Key (id)=(aze) already exists."", ""length"": 182, ""schema"": ""public"", ""routine"": ""_bt_check_unique"", ""severity"": ""ERROR"", ""constraint"": ""users_pkey""}, ""query"": ""insert into \""users\"" (\""id\"", \""name\"", \""email\"", \""created_at\"", \""first_login\"", \""last_login\"", \""number\"", \""first_name\"", \""last_name\"", \""phone_number\"", \""is_disable\"", \""job_id\"", \""rank_id\"", \""role_id\"") values ($1, default, default, default, default, default, default, default, default, default, default, $2, $3, default)"", ""params"": [""aze"", 1, 2]}",2025-10-14 23:16:33.344 +0200,
a8a9166e-df14-4537-81a3-c8a73d2517c6,"214804833809465345",http://localhost:3000/api/users,"{""id"": ""aze"", ""jobId"": 1, ""rankId"": 2}","{""cause"": {""code"": ""23505"", ""file"": ""nbtinsert.c"", ""line"": ""666"", ""name"": ""error"", ""table"": ""users"", ""detail"": ""Key (id)=(aze) already exists."", ""length"": 182, ""schema"": ""public"", ""routine"": ""_bt_check_unique"", ""severity"": ""ERROR"", ""constraint"": ""users_pkey""}, ""query"": ""insert into \""users\"" (\""id\"", \""name\"", \""email\"", \""created_at\"", \""first_login\"", \""last_login\"", \""number\"", \""first_name\"", \""last_name\"", \""phone_number\"", \""is_disable\"", \""job_id\"", \""rank_id\"", \""role_id\"") values ($1, default, default, default, default, default, default, default, default, default, default, $2, $3, default)"", ""params"": [""aze"", 1, 2]}",2025-10-14 23:19:03.600 +0200,POST
"2c0d6839-c2ea-4c97-ae69-080aeb1b24a1","214804833809465345",http://localhost:3000/api/citizens?page=1&result=20&search=,"","{}",2025-10-14 23:22:18.380 +0200,GET
c12fd216-7c70-4f2d-9a77-5e3058077bc3,"214804833809465345",http://localhost:3000/api/citizens?page=1&result=20&search=,"","{}",2025-10-14 23:22:18.617 +0200,GET
"7157ffff-0155-473c-9c7b-f4bc54056650","214804833809465345",http://localhost:3000/api/users?page=-1&itemPerPage=20,"","{""cause"": {""code"": ""2201X"", ""file"": ""nodeLimit.c"", ""line"": ""372"", ""name"": ""error"", ""length"": 91, ""routine"": ""recompute_limits"", ""severity"": ""ERROR""}, ""query"": ""select \""users\"".\""id\"", \""users\"".\""name\"", \""users\"".\""email\"", \""users\"".\""created_at\"", \""users\"".\""first_login\"", \""users\"".\""last_login\"", \""users\"".\""number\"", \""users\"".\""first_name\"", \""users\"".\""last_name\"", \""users\"".\""phone_number\"", \""users\"".\""is_disable\"", \""users\"".\""job_id\"", \""users\"".\""rank_id\"", \""users\"".\""role_id\"", \""jobs\"".\""id\"", \""jobs\"".\""name\"", \""ranks\"".\""id\"", \""ranks\"".\""name\"", \""ranks\"".\""job_id\"", \""ranks\"".\""order\"", \""roles\"".\""id\"", \""roles\"".\""name\"", \""roles\"".\""enum_label\"" from \""users\"" left join \""jobs\"" on \""jobs\"".\""id\"" = \""users\"".\""job_id\"" left join \""ranks\"" on \""ranks\"".\""id\"" = \""users\"".\""rank_id\"" left join \""roles\"" on \""roles\"".\""id\"" = \""users\"".\""role_id\"" order by \""users\"".\""last_name\"", \""users\"".\""first_name\"", \""users\"".\""number\"" limit $1 offset $2"", ""params"": [20, -40]}",2025-10-15 18:20:54.040 +0200,GET
a65f3642-4b0f-49f8-89c7-2c0dda561598,"214804833809465345",http://localhost:3000/api/users?page=-2&itemPerPage=20,"","{""cause"": {""code"": ""2201X"", ""file"": ""nodeLimit.c"", ""line"": ""372"", ""name"": ""error"", ""length"": 91, ""routine"": ""recompute_limits"", ""severity"": ""ERROR""}, ""query"": ""select \""users\"".\""id\"", \""users\"".\""name\"", \""users\"".\""email\"", \""users\"".\""created_at\"", \""users\"".\""first_login\"", \""users\"".\""last_login\"", \""users\"".\""number\"", \""users\"".\""first_name\"", \""users\"".\""last_name\"", \""users\"".\""phone_number\"", \""users\"".\""is_disable\"", \""users\"".\""job_id\"", \""users\"".\""rank_id\"", \""users\"".\""role_id\"", \""jobs\"".\""id\"", \""jobs\"".\""name\"", \""ranks\"".\""id\"", \""ranks\"".\""name\"", \""ranks\"".\""job_id\"", \""ranks\"".\""order\"", \""roles\"".\""id\"", \""roles\"".\""name\"", \""roles\"".\""enum_label\"" from \""users\"" left join \""jobs\"" on \""jobs\"".\""id\"" = \""users\"".\""job_id\"" left join \""ranks\"" on \""ranks\"".\""id\"" = \""users\"".\""rank_id\"" left join \""roles\"" on \""roles\"".\""id\"" = \""users\"".\""role_id\"" order by \""users\"".\""last_name\"", \""users\"".\""first_name\"", \""users\"".\""number\"" limit $1 offset $2"", ""params"": [20, -60]}",2025-10-15 18:20:56.400 +0200,GET
"0e689ef3-7e4e-45db-81b0-95d6c03bfb5b","214804833809465345",http://localhost:3000/api/users?page=-3&itemPerPage=20,"","{""cause"": {""code"": ""2201X"", ""file"": ""nodeLimit.c"", ""line"": ""372"", ""name"": ""error"", ""length"": 91, ""routine"": ""recompute_limits"", ""severity"": ""ERROR""}, ""query"": ""select \""users\"".\""id\"", \""users\"".\""name\"", \""users\"".\""email\"", \""users\"".\""created_at\"", \""users\"".\""first_login\"", \""users\"".\""last_login\"", \""users\"".\""number\"", \""users\"".\""first_name\"", \""users\"".\""last_name\"", \""users\"".\""phone_number\"", \""users\"".\""is_disable\"", \""users\"".\""job_id\"", \""users\"".\""rank_id\"", \""users\"".\""role_id\"", \""jobs\"".\""id\"", \""jobs\"".\""name\"", \""ranks\"".\""id\"", \""ranks\"".\""name\"", \""ranks\"".\""job_id\"", \""ranks\"".\""order\"", \""roles\"".\""id\"", \""roles\"".\""name\"", \""roles\"".\""enum_label\"" from \""users\"" left join \""jobs\"" on \""jobs\"".\""id\"" = \""users\"".\""job_id\"" left join \""ranks\"" on \""ranks\"".\""id\"" = \""users\"".\""rank_id\"" left join \""roles\"" on \""roles\"".\""id\"" = \""users\"".\""role_id\"" order by \""users\"".\""last_name\"", \""users\"".\""first_name\"", \""users\"".\""number\"" limit $1 offset $2"", ""params"": [20, -80]}",2025-10-15 18:20:57.743 +0200,GET
"262124dc-fcd3-4869-a9cd-1fe241b9970e","214804833809465345",http://localhost:3000/api/users?page=-4&itemPerPage=20,"","{""cause"": {""code"": ""2201X"", ""file"": ""nodeLimit.c"", ""line"": ""372"", ""name"": ""error"", ""length"": 91, ""routine"": ""recompute_limits"", ""severity"": ""ERROR""}, ""query"": ""select \""users\"".\""id\"", \""users\"".\""name\"", \""users\"".\""email\"", \""users\"".\""created_at\"", \""users\"".\""first_login\"", \""users\"".\""last_login\"", \""users\"".\""number\"", \""users\"".\""first_name\"", \""users\"".\""last_name\"", \""users\"".\""phone_number\"", \""users\"".\""is_disable\"", \""users\"".\""job_id\"", \""users\"".\""rank_id\"", \""users\"".\""role_id\"", \""jobs\"".\""id\"", \""jobs\"".\""name\"", \""ranks\"".\""id\"", \""ranks\"".\""name\"", \""ranks\"".\""job_id\"", \""ranks\"".\""order\"", \""roles\"".\""id\"", \""roles\"".\""name\"", \""roles\"".\""enum_label\"" from \""users\"" left join \""jobs\"" on \""jobs\"".\""id\"" = \""users\"".\""job_id\"" left join \""ranks\"" on \""ranks\"".\""id\"" = \""users\"".\""rank_id\"" left join \""roles\"" on \""roles\"".\""id\"" = \""users\"".\""role_id\"" order by \""users\"".\""last_name\"", \""users\"".\""first_name\"", \""users\"".\""number\"" limit $1 offset $2"", ""params"": [20, -100]}",2025-10-15 18:20:58.699 +0200,GET
"26eb7de7-5406-4d62-b7a4-38cb3a75cea5","214804833809465345",http://localhost:3000/api/users?page=-5&itemPerPage=20,"","{""cause"": {""code"": ""2201X"", ""file"": ""nodeLimit.c"", ""line"": ""372"", ""name"": ""error"", ""length"": 91, ""routine"": ""recompute_limits"", ""severity"": ""ERROR""}, ""query"": ""select \""users\"".\""id\"", \""users\"".\""name\"", \""users\"".\""email\"", \""users\"".\""created_at\"", \""users\"".\""first_login\"", \""users\"".\""last_login\"", \""users\"".\""number\"", \""users\"".\""first_name\"", \""users\"".\""last_name\"", \""users\"".\""phone_number\"", \""users\"".\""is_disable\"", \""users\"".\""job_id\"", \""users\"".\""rank_id\"", \""users\"".\""role_id\"", \""jobs\"".\""id\"", \""jobs\"".\""name\"", \""ranks\"".\""id\"", \""ranks\"".\""name\"", \""ranks\"".\""job_id\"", \""ranks\"".\""order\"", \""roles\"".\""id\"", \""roles\"".\""name\"", \""roles\"".\""enum_label\"" from \""users\"" left join \""jobs\"" on \""jobs\"".\""id\"" = \""users\"".\""job_id\"" left join \""ranks\"" on \""ranks\"".\""id\"" = \""users\"".\""rank_id\"" left join \""roles\"" on \""roles\"".\""id\"" = \""users\"".\""role_id\"" order by \""users\"".\""last_name\"", \""users\"".\""first_name\"", \""users\"".\""number\"" limit $1 offset $2"", ""params"": [20, -120]}",2025-10-15 18:20:59.428 +0200,GET
f50fb232-0676-4f11-88f3-de6cc9d0c8b9,"214804833809465345",http://localhost:3000/api/users,"{""id"": ""qsdaze"", ""jobId"": null, ""rankId"": null}","{""cause"": {""code"": ""23505"", ""file"": ""nbtinsert.c"", ""line"": ""666"", ""name"": ""error"", ""table"": ""users"", ""detail"": ""Key (id)=(qsdaze) already exists."", ""length"": 185, ""schema"": ""public"", ""routine"": ""_bt_check_unique"", ""severity"": ""ERROR"", ""constraint"": ""users_pkey""}, ""query"": ""insert into \""users\"" (\""id\"", \""name\"", \""email\"", \""created_at\"", \""first_login\"", \""last_login\"", \""number\"", \""first_name\"", \""last_name\"", \""phone_number\"", \""is_disable\"", \""job_id\"", \""rank_id\"", \""role_id\"") values ($1, default, default, default, default, default, default, default, default, default, default, $2, $3, default)"", ""params"": [""qsdaze"", null, null]}",2025-10-15 23:46:00.032 +0200,POST
"6485d214-7a58-4780-8921-1a037d387eda","214804833809465345",http://localhost:3000/api/users?page=-5&itemPerPage=20,"","{""cause"": {""code"": ""2201X"", ""file"": ""nodeLimit.c"", ""line"": ""372"", ""name"": ""error"", ""length"": 91, ""routine"": ""recompute_limits"", ""severity"": ""ERROR""}, ""query"": ""select \""users\"".\""id\"", \""users\"".\""name\"", \""users\"".\""email\"", \""users\"".\""created_at\"", \""users\"".\""first_login\"", \""users\"".\""last_login\"", \""users\"".\""number\"", \""users\"".\""first_name\"", \""users\"".\""last_name\"", \""users\"".\""phone_number\"", \""users\"".\""is_disable\"", \""users\"".\""job_id\"", \""users\"".\""rank_id\"", \""users\"".\""role_id\"", \""jobs\"".\""id\"", \""jobs\"".\""name\"", \""ranks\"".\""id\"", \""ranks\"".\""name\"", \""ranks\"".\""job_id\"", \""ranks\"".\""order\"", \""roles\"".\""id\"", \""roles\"".\""name\"", \""roles\"".\""enum_label\"" from \""users\"" left join \""jobs\"" on \""jobs\"".\""id\"" = \""users\"".\""job_id\"" left join \""ranks\"" on \""ranks\"".\""id\"" = \""users\"".\""rank_id\"" left join \""roles\"" on \""roles\"".\""id\"" = \""users\"".\""role_id\"" order by \""users\"".\""last_name\"", \""users\"".\""first_name\"", \""users\"".\""number\"" limit $1 offset $2"", ""params"": [20, -120]}",2025-10-15 18:20:59.687 +0200,GET
cb6ef2a6-37d9-4ae0-950f-f03aa9d71cf4,"214804833809465345",http://localhost:3000/api/users?page=-6&itemPerPage=20,"","{""cause"": {""code"": ""2201X"", ""file"": ""nodeLimit.c"", ""line"": ""372"", ""name"": ""error"", ""length"": 91, ""routine"": ""recompute_limits"", ""severity"": ""ERROR""}, ""query"": ""select \""users\"".\""id\"", \""users\"".\""name\"", \""users\"".\""email\"", \""users\"".\""created_at\"", \""users\"".\""first_login\"", \""users\"".\""last_login\"", \""users\"".\""number\"", \""users\"".\""first_name\"", \""users\"".\""last_name\"", \""users\"".\""phone_number\"", \""users\"".\""is_disable\"", \""users\"".\""job_id\"", \""users\"".\""rank_id\"", \""users\"".\""role_id\"", \""jobs\"".\""id\"", \""jobs\"".\""name\"", \""ranks\"".\""id\"", \""ranks\"".\""name\"", \""ranks\"".\""job_id\"", \""ranks\"".\""order\"", \""roles\"".\""id\"", \""roles\"".\""name\"", \""roles\"".\""enum_label\"" from \""users\"" left join \""jobs\"" on \""jobs\"".\""id\"" = \""users\"".\""job_id\"" left join \""ranks\"" on \""ranks\"".\""id\"" = \""users\"".\""rank_id\"" left join \""roles\"" on \""roles\"".\""id\"" = \""users\"".\""role_id\"" order by \""users\"".\""last_name\"", \""users\"".\""first_name\"", \""users\"".\""number\"" limit $1 offset $2"", ""params"": [20, -140]}",2025-10-15 18:20:59.913 +0200,GET
ae683cbb-e3d9-49d1-a35f-b492c687ca63,"214804833809465345",http://localhost:3000/api/users?page=-6&itemPerPage=20,"","{""cause"": {""code"": ""2201X"", ""file"": ""nodeLimit.c"", ""line"": ""372"", ""name"": ""error"", ""length"": 91, ""routine"": ""recompute_limits"", ""severity"": ""ERROR""}, ""query"": ""select \""users\"".\""id\"", \""users\"".\""name\"", \""users\"".\""email\"", \""users\"".\""created_at\"", \""users\"".\""first_login\"", \""users\"".\""last_login\"", \""users\"".\""number\"", \""users\"".\""first_name\"", \""users\"".\""last_name\"", \""users\"".\""phone_number\"", \""users\"".\""is_disable\"", \""users\"".\""job_id\"", \""users\"".\""rank_id\"", \""users\"".\""role_id\"", \""jobs\"".\""id\"", \""jobs\"".\""name\"", \""ranks\"".\""id\"", \""ranks\"".\""name\"", \""ranks\"".\""job_id\"", \""ranks\"".\""order\"", \""roles\"".\""id\"", \""roles\"".\""name\"", \""roles\"".\""enum_label\"" from \""users\"" left join \""jobs\"" on \""jobs\"".\""id\"" = \""users\"".\""job_id\"" left join \""ranks\"" on \""ranks\"".\""id\"" = \""users\"".\""rank_id\"" left join \""roles\"" on \""roles\"".\""id\"" = \""users\"".\""role_id\"" order by \""users\"".\""last_name\"", \""users\"".\""first_name\"", \""users\"".\""number\"" limit $1 offset $2"", ""params"": [20, -140]}",2025-10-15 18:21:00.183 +0200,GET
f1ed71b6-4948-4e8a-b6fd-38c157df5a8a,"214804833809465345",http://localhost:3000/api/users?page=-1&itemPerPage=20,"","{""cause"": {""code"": ""2201X"", ""file"": ""nodeLimit.c"", ""line"": ""372"", ""name"": ""error"", ""length"": 91, ""routine"": ""recompute_limits"", ""severity"": ""ERROR""}, ""query"": ""select \""users\"".\""id\"", \""users\"".\""name\"", \""users\"".\""email\"", \""users\"".\""created_at\"", \""users\"".\""first_login\"", \""users\"".\""last_login\"", \""users\"".\""number\"", \""users\"".\""first_name\"", \""users\"".\""last_name\"", \""users\"".\""phone_number\"", \""users\"".\""is_disable\"", \""users\"".\""job_id\"", \""users\"".\""rank_id\"", \""users\"".\""role_id\"", \""jobs\"".\""id\"", \""jobs\"".\""name\"", \""ranks\"".\""id\"", \""ranks\"".\""name\"", \""ranks\"".\""job_id\"", \""ranks\"".\""order\"", \""roles\"".\""id\"", \""roles\"".\""name\"", \""roles\"".\""enum_label\"" from \""users\"" left join \""jobs\"" on \""jobs\"".\""id\"" = \""users\"".\""job_id\"" left join \""ranks\"" on \""ranks\"".\""id\"" = \""users\"".\""rank_id\"" left join \""roles\"" on \""roles\"".\""id\"" = \""users\"".\""role_id\"" order by \""users\"".\""last_name\"", \""users\"".\""first_name\"", \""users\"".\""number\"" limit $1 offset $2"", ""params"": [20, -40]}",2025-10-15 18:22:35.974 +0200,GET
"58422116-0c9f-45ba-add2-900383e450b8","214804833809465345",http://localhost:3000/api/users?isDisable=true&jobId=2&rankId=NaN&roleId=10&page=1&itemPerPage=20,"","{""cause"": {""code"": ""22P02"", ""file"": ""numutils.c"", ""line"": ""617"", ""name"": ""error"", ""where"": ""unnamed portal parameter $3 = '...'"", ""length"": 146, ""routine"": ""pg_strtoint32_safe"", ""severity"": ""ERROR""}, ""query"": ""select \""users\"".\""id\"", \""users\"".\""name\"", \""users\"".\""email\"", \""users\"".\""created_at\"", \""users\"".\""first_login\"", \""users\"".\""last_login\"", \""users\"".\""number\"", \""users\"".\""first_name\"", \""users\"".\""last_name\"", \""users\"".\""phone_number\"", \""users\"".\""is_disable\"", \""users\"".\""job_id\"", \""users\"".\""rank_id\"", \""users\"".\""role_id\"", \""jobs\"".\""id\"", \""jobs\"".\""name\"", \""ranks\"".\""id\"", \""ranks\"".\""name\"", \""ranks\"".\""job_id\"", \""ranks\"".\""order\"", \""roles\"".\""id\"", \""roles\"".\""name\"", \""roles\"".\""enum_label\"" from \""users\"" left join \""jobs\"" on \""jobs\"".\""id\"" = \""users\"".\""job_id\"" left join \""ranks\"" on \""ranks\"".\""id\"" = \""users\"".\""rank_id\"" left join \""roles\"" on \""roles\"".\""id\"" = \""users\"".\""role_id\"" where (\""users\"".\""is_disable\"" = $1 and \""users\"".\""job_id\"" = $2 and \""users\"".\""rank_id\"" = $3 and \""users\"".\""role_id\"" = $4) order by \""users\"".\""last_name\"", \""users\"".\""first_name\"", \""users\"".\""number\"" limit $5"", ""params"": [true, 2, null, 10, 20]}",2025-10-15 22:18:45.675 +0200,GET
"934c55f3-7bf9-4389-802f-a1da38ebf8fb","214804833809465345",http://localhost:3000/api/users?isDisable=true&jobId=2&rankId=NaN&roleId=10&page=1&itemPerPage=20,"","{""cause"": {""code"": ""22P02"", ""file"": ""numutils.c"", ""line"": ""617"", ""name"": ""error"", ""where"": ""unnamed portal parameter $3 = '...'"", ""length"": 146, ""routine"": ""pg_strtoint32_safe"", ""severity"": ""ERROR""}, ""query"": ""select \""users\"".\""id\"", \""users\"".\""name\"", \""users\"".\""email\"", \""users\"".\""created_at\"", \""users\"".\""first_login\"", \""users\"".\""last_login\"", \""users\"".\""number\"", \""users\"".\""first_name\"", \""users\"".\""last_name\"", \""users\"".\""phone_number\"", \""users\"".\""is_disable\"", \""users\"".\""job_id\"", \""users\"".\""rank_id\"", \""users\"".\""role_id\"", \""jobs\"".\""id\"", \""jobs\"".\""name\"", \""ranks\"".\""id\"", \""ranks\"".\""name\"", \""ranks\"".\""job_id\"", \""ranks\"".\""order\"", \""roles\"".\""id\"", \""roles\"".\""name\"", \""roles\"".\""enum_label\"" from \""users\"" left join \""jobs\"" on \""jobs\"".\""id\"" = \""users\"".\""job_id\"" left join \""ranks\"" on \""ranks\"".\""id\"" = \""users\"".\""rank_id\"" left join \""roles\"" on \""roles\"".\""id\"" = \""users\"".\""role_id\"" where (\""users\"".\""is_disable\"" = $1 and \""users\"".\""job_id\"" = $2 and \""users\"".\""rank_id\"" = $3 and \""users\"".\""role_id\"" = $4) order by \""users\"".\""last_name\"", \""users\"".\""first_name\"", \""users\"".\""number\"" limit $5"", ""params"": [true, 2, null, 10, 20]}",2025-10-15 22:18:58.074 +0200,GET
"71e53410-fa5a-426f-b694-8c17804ad42e","214804833809465345",http://localhost:3000/api/users?jobId=2&rankId=NaN&page=1&itemPerPage=20,"","{""cause"": {""code"": ""22P02"", ""file"": ""numutils.c"", ""line"": ""617"", ""name"": ""error"", ""where"": ""unnamed portal parameter $2 = '...'"", ""length"": 146, ""routine"": ""pg_strtoint32_safe"", ""severity"": ""ERROR""}, ""query"": ""select \""users\"".\""id\"", \""users\"".\""name\"", \""users\"".\""email\"", \""users\"".\""created_at\"", \""users\"".\""first_login\"", \""users\"".\""last_login\"", \""users\"".\""number\"", \""users\"".\""first_name\"", \""users\"".\""last_name\"", \""users\"".\""phone_number\"", \""users\"".\""is_disable\"", \""users\"".\""job_id\"", \""users\"".\""rank_id\"", \""users\"".\""role_id\"", \""jobs\"".\""id\"", \""jobs\"".\""name\"", \""ranks\"".\""id\"", \""ranks\"".\""name\"", \""ranks\"".\""job_id\"", \""ranks\"".\""order\"", \""roles\"".\""id\"", \""roles\"".\""name\"", \""roles\"".\""enum_label\"" from \""users\"" left join \""jobs\"" on \""jobs\"".\""id\"" = \""users\"".\""job_id\"" left join \""ranks\"" on \""ranks\"".\""id\"" = \""users\"".\""rank_id\"" left join \""roles\"" on \""roles\"".\""id\"" = \""users\"".\""role_id\"" where (\""users\"".\""job_id\"" = $1 and \""users\"".\""rank_id\"" = $2) order by \""users\"".\""last_name\"", \""users\"".\""first_name\"", \""users\"".\""number\"" limit $3"", ""params"": [2, null, 20]}",2025-10-15 22:20:05.615 +0200,GET
"2ccf9ca0-f936-431c-a5a2-1fc63b6afc82","214804833809465345",http://localhost:3000/api/users/540907350662626626,"","{""status"": 401}",2025-10-24 22:08:02.378 +0200,PUT
faadac89-105c-4e88-915f-1f458afb4563,"214804833809465345",http://localhost:3000/api/users,"{""id"": ""qsdaze"", ""jobId"": null, ""rankId"": null}","{""cause"": {""code"": ""23505"", ""file"": ""nbtinsert.c"", ""line"": ""666"", ""name"": ""error"", ""table"": ""users"", ""detail"": ""Key (id)=(qsdaze) already exists."", ""length"": 185, ""schema"": ""public"", ""routine"": ""_bt_check_unique"", ""severity"": ""ERROR"", ""constraint"": ""users_pkey""}, ""query"": ""insert into \""users\"" (\""id\"", \""name\"", \""email\"", \""created_at\"", \""first_login\"", \""last_login\"", \""number\"", \""first_name\"", \""last_name\"", \""phone_number\"", \""is_disable\"", \""job_id\"", \""rank_id\"", \""role_id\"") values ($1, default, default, default, default, default, default, default, default, default, default, $2, $3, default)"", ""params"": [""qsdaze"", null, null]}",2025-10-16 00:05:31.917 +0200,POST
"2758b34f-b87a-4bae-af2f-b161c84198f7","214804833809465345",http://localhost:3000/api/users,"{""id"": ""sd"", ""jobId"": null, ""rankId"": null}","{""cause"": {""code"": ""23505"", ""file"": ""nbtinsert.c"", ""line"": ""666"", ""name"": ""error"", ""table"": ""users"", ""detail"": ""Key (id)=(sd) already exists."", ""length"": 181, ""schema"": ""public"", ""routine"": ""_bt_check_unique"", ""severity"": ""ERROR"", ""constraint"": ""users_pkey""}, ""query"": ""insert into \""users\"" (\""id\"", \""name\"", \""email\"", \""created_at\"", \""first_login\"", \""last_login\"", \""number\"", \""first_name\"", \""last_name\"", \""phone_number\"", \""is_disable\"", \""job_id\"", \""rank_id\"", \""role_id\"") values ($1, default, default, default, default, default, default, default, default, default, default, $2, $3, default)"", ""params"": [""sd"", null, null]}",2025-10-16 00:07:35.050 +0200,POST
"4fbd1768-30ef-4f1f-a890-8ce107112628","214804833809465345",http://localhost:3000/api/users,"{""id"": ""qsd"", ""jobId"": null, ""rankId"": null}","{""cause"": {""code"": ""23505"", ""file"": ""nbtinsert.c"", ""line"": ""666"", ""name"": ""error"", ""table"": ""users"", ""detail"": ""Key (id)=(qsd) already exists."", ""length"": 182, ""schema"": ""public"", ""routine"": ""_bt_check_unique"", ""severity"": ""ERROR"", ""constraint"": ""users_pkey""}, ""query"": ""insert into \""users\"" (\""id\"", \""name\"", \""email\"", \""created_at\"", \""first_login\"", \""last_login\"", \""number\"", \""first_name\"", \""last_name\"", \""phone_number\"", \""is_disable\"", \""job_id\"", \""rank_id\"", \""role_id\"") values ($1, default, default, default, default, default, default, default, default, default, default, $2, $3, default)"", ""params"": [""qsd"", null, null]}",2025-10-16 00:08:58.036 +0200,POST
"803d45ba-beb4-4713-992a-b1f6b341af4f","214804833809465345",http://localhost:3000/api/users,"{""id"": ""qsd"", ""jobId"": null, ""rankId"": null}","{""cause"": {""code"": ""23505"", ""file"": ""nbtinsert.c"", ""line"": ""666"", ""name"": ""error"", ""table"": ""users"", ""detail"": ""Key (id)=(qsd) already exists."", ""length"": 182, ""schema"": ""public"", ""routine"": ""_bt_check_unique"", ""severity"": ""ERROR"", ""constraint"": ""users_pkey""}, ""query"": ""insert into \""users\"" (\""id\"", \""name\"", \""email\"", \""created_at\"", \""first_login\"", \""last_login\"", \""number\"", \""first_name\"", \""last_name\"", \""phone_number\"", \""is_disable\"", \""job_id\"", \""rank_id\"", \""role_id\"") values ($1, default, default, default, default, default, default, default, default, default, default, $2, $3, default)"", ""params"": [""qsd"", null, null]}",2025-10-16 00:09:15.682 +0200,POST
fa08e2cf-c788-4b38-9912-be4c9018b0cf,"214804833809465345",http://localhost:3000/api/users,"{""id"": ""qsd"", ""jobId"": null, ""rankId"": null}","{""cause"": {""code"": ""23505"", ""file"": ""nbtinsert.c"", ""line"": ""666"", ""name"": ""error"", ""table"": ""users"", ""detail"": ""Key (id)=(qsd) already exists."", ""length"": 182, ""schema"": ""public"", ""routine"": ""_bt_check_unique"", ""severity"": ""ERROR"", ""constraint"": ""users_pkey""}, ""query"": ""insert into \""users\"" (\""id\"", \""name\"", \""email\"", \""created_at\"", \""first_login\"", \""last_login\"", \""number\"", \""first_name\"", \""last_name\"", \""phone_number\"", \""is_disable\"", \""job_id\"", \""rank_id\"", \""role_id\"") values ($1, default, default, default, default, default, default, default, default, default, default, $2, $3, default)"", ""params"": [""qsd"", null, null]}",2025-10-16 00:09:22.567 +0200,POST
"25cea2d8-3d3c-4054-b5b3-3de64d24f1ec","214804833809465345",http://localhost:3000/api/users,"{""id"": ""123456"", ""jobId"": 1, ""rankId"": 6}","{""cause"": {""code"": ""23505"", ""file"": ""nbtinsert.c"", ""line"": ""666"", ""name"": ""error"", ""table"": ""users"", ""detail"": ""Key (id)=(123456) already exists."", ""length"": 185, ""schema"": ""public"", ""routine"": ""_bt_check_unique"", ""severity"": ""ERROR"", ""constraint"": ""users_pkey""}, ""query"": ""insert into \""users\"" (\""id\"", \""name\"", \""email\"", \""created_at\"", \""first_login\"", \""last_login\"", \""number\"", \""first_name\"", \""last_name\"", \""phone_number\"", \""is_disable\"", \""job_id\"", \""rank_id\"", \""role_id\"") values ($1, default, default, default, default, default, default, default, default, default, default, $2, $3, default)"", ""params"": [""123456"", 1, 6]}",2025-10-16 18:17:20.347 +0200,POST
"0c2c4ed8-e39f-4956-a29a-32abd7b812b2","214804833809465345",http://localhost:3000/api/users,"{""id"": ""qsdaze"", ""jobId"": 1, ""rankId"": 4}","{""cause"": {""code"": ""23505"", ""file"": ""nbtinsert.c"", ""line"": ""666"", ""name"": ""error"", ""table"": ""users"", ""detail"": ""Key (id)=(qsdaze) already exists."", ""length"": 185, ""schema"": ""public"", ""routine"": ""_bt_check_unique"", ""severity"": ""ERROR"", ""constraint"": ""users_pkey""}, ""query"": ""insert into \""users\"" (\""id\"", \""name\"", \""email\"", \""created_at\"", \""first_login\"", \""last_login\"", \""number\"", \""first_name\"", \""last_name\"", \""phone_number\"", \""is_disable\"", \""job_id\"", \""rank_id\"", \""role_id\"") values ($1, default, default, default, default, default, default, default, default, default, default, $2, $3, default)"", ""params"": [""qsdaze"", 1, 4]}",2025-10-16 21:40:05.936 +0200,POST
"35707bbc-0243-41c8-837b-38435db51261","214804833809465345",http://localhost:3000/api/users,"{""id"": ""1234"", ""jobId"": 1, ""rankId"": 4}","{""cause"": {""code"": ""23505"", ""file"": ""nbtinsert.c"", ""line"": ""666"", ""name"": ""error"", ""table"": ""users"", ""detail"": ""Key (id)=(1234) already exists."", ""length"": 183, ""schema"": ""public"", ""routine"": ""_bt_check_unique"", ""severity"": ""ERROR"", ""constraint"": ""users_pkey""}, ""query"": ""insert into \""users\"" (\""id\"", \""name\"", \""email\"", \""created_at\"", \""first_login\"", \""last_login\"", \""number\"", \""first_name\"", \""last_name\"", \""phone_number\"", \""is_disable\"", \""job_id\"", \""rank_id\"", \""role_id\"") values ($1, default, default, default, default, default, default, default, default, default, default, $2, $3, default)"", ""params"": [""1234"", 1, 4]}",2025-10-16 23:16:19.219 +0200,POST
b842662a-df69-4d6a-aaa7-37b9a315cded,"214804833809465345",http://localhost:3000/api/users,"{""id"": ""1234"", ""jobId"": 1, ""rankId"": 4}","{""cause"": {""code"": ""23505"", ""file"": ""nbtinsert.c"", ""line"": ""666"", ""name"": ""error"", ""table"": ""users"", ""detail"": ""Key (id)=(1234) already exists."", ""length"": 183, ""schema"": ""public"", ""routine"": ""_bt_check_unique"", ""severity"": ""ERROR"", ""constraint"": ""users_pkey""}, ""query"": ""insert into \""users\"" (\""id\"", \""name\"", \""email\"", \""created_at\"", \""first_login\"", \""last_login\"", \""number\"", \""first_name\"", \""last_name\"", \""phone_number\"", \""is_disable\"", \""job_id\"", \""rank_id\"", \""role_id\"") values ($1, default, default, default, default, default, default, default, default, default, default, $2, $3, default)"", ""params"": [""1234"", 1, 4]}",2025-10-16 23:16:27.550 +0200,POST
b0705bd9-6fb6-4826-87e8-ce670f61a2ac,"214804833809465345",http://localhost:3000/api/users,"{""id"": ""1234"", ""jobId"": 1, ""rankId"": 4}","{""cause"": {""code"": ""23505"", ""file"": ""nbtinsert.c"", ""line"": ""666"", ""name"": ""error"", ""table"": ""users"", ""detail"": ""Key (id)=(1234) already exists."", ""length"": 183, ""schema"": ""public"", ""routine"": ""_bt_check_unique"", ""severity"": ""ERROR"", ""constraint"": ""users_pkey""}, ""query"": ""insert into \""users\"" (\""id\"", \""name\"", \""email\"", \""created_at\"", \""first_login\"", \""last_login\"", \""number\"", \""first_name\"", \""last_name\"", \""phone_number\"", \""is_disable\"", \""job_id\"", \""rank_id\"", \""role_id\"") values ($1, default, default, default, default, default, default, default, default, default, default, $2, $3, default)"", ""params"": [""1234"", 1, 4]}",2025-10-16 23:16:37.486 +0200,POST
"038fd020-1c46-42cf-a000-3406ffd2ac26","214804833809465345",http://localhost:3000/api/users,"{""id"": ""1234"", ""jobId"": 1, ""rankId"": 4}","{""cause"": {""code"": ""23505"", ""file"": ""nbtinsert.c"", ""line"": ""666"", ""name"": ""error"", ""table"": ""users"", ""detail"": ""Key (id)=(1234) already exists."", ""length"": 183, ""schema"": ""public"", ""routine"": ""_bt_check_unique"", ""severity"": ""ERROR"", ""constraint"": ""users_pkey""}, ""query"": ""insert into \""users\"" (\""id\"", \""name\"", \""email\"", \""created_at\"", \""first_login\"", \""last_login\"", \""number\"", \""first_name\"", \""last_name\"", \""phone_number\"", \""is_disable\"", \""job_id\"", \""rank_id\"", \""role_id\"") values ($1, default, default, default, default, default, default, default, default, default, default, $2, $3, default)"", ""params"": [""1234"", 1, 4]}",2025-10-16 23:16:44.681 +0200,POST
"675fea63-7c1b-4f5e-ba56-2c980bf02664","214804833809465345",http://localhost:3000/api/users,"{""id"": ""1234"", ""jobId"": 1, ""rankId"": 4}","{""cause"": {""code"": ""23505"", ""file"": ""nbtinsert.c"", ""line"": ""666"", ""name"": ""error"", ""table"": ""users"", ""detail"": ""Key (id)=(1234) already exists."", ""length"": 183, ""schema"": ""public"", ""routine"": ""_bt_check_unique"", ""severity"": ""ERROR"", ""constraint"": ""users_pkey""}, ""query"": ""insert into \""users\"" (\""id\"", \""name\"", \""email\"", \""created_at\"", \""first_login\"", \""last_login\"", \""number\"", \""first_name\"", \""last_name\"", \""phone_number\"", \""is_disable\"", \""job_id\"", \""rank_id\"", \""role_id\"") values ($1, default, default, default, default, default, default, default, default, default, default, $2, $3, default)"", ""params"": [""1234"", 1, 4]}",2025-10-16 23:16:50.049 +0200,POST
"7de4e68c-30f2-4506-86ff-d5ee8219f544","214804833809465345",http://localhost:3000/api/users,"{""id"": ""111"", ""jobId"": 2, ""rankId"": 12}","{""cause"": {""code"": ""23505"", ""file"": ""nbtinsert.c"", ""line"": ""666"", ""name"": ""error"", ""table"": ""users"", ""detail"": ""Key (id)=(111) already exists."", ""length"": 182, ""schema"": ""public"", ""routine"": ""_bt_check_unique"", ""severity"": ""ERROR"", ""constraint"": ""users_pkey""}, ""query"": ""insert into \""users\"" (\""id\"", \""name\"", \""email\"", \""created_at\"", \""first_login\"", \""last_login\"", \""number\"", \""first_name\"", \""last_name\"", \""phone_number\"", \""is_disable\"", \""job_id\"", \""rank_id\"", \""role_id\"") values ($1, default, default, default, default, default, default, default, default, default, default, $2, $3, default)"", ""params"": [""111"", 2, 12]}",2025-10-16 23:33:14.534 +0200,POST
ec776281-398e-43ed-8837-dfdd49daaacc,"214804833809465345",http://localhost:3000/api/users,"{""id"": ""123"", ""jobId"": 1, ""rankId"": 2}","{""cause"": {""code"": ""23505"", ""file"": ""nbtinsert.c"", ""line"": ""666"", ""name"": ""error"", ""table"": ""users"", ""detail"": ""Key (id)=(123) already exists."", ""length"": 182, ""schema"": ""public"", ""routine"": ""_bt_check_unique"", ""severity"": ""ERROR"", ""constraint"": ""users_pkey""}, ""query"": ""insert into \""users\"" (\""id\"", \""name\"", \""email\"", \""created_at\"", \""first_login\"", \""last_login\"", \""number\"", \""first_name\"", \""last_name\"", \""phone_number\"", \""is_disable\"", \""job_id\"", \""rank_id\"", \""role_id\"") values ($1, default, default, default, default, default, default, default, default, default, default, $2, $3, default)"", ""params"": [""123"", 1, 2]}",2025-10-16 23:38:10.807 +0200,POST
"98906917-062b-4d91-a644-4c4da075c536","214804833809465345",http://localhost:3000/api/users,"{""id"": ""123"", ""jobId"": 1, ""rankId"": 2}","{""cause"": {""code"": ""23505"", ""file"": ""nbtinsert.c"", ""line"": ""666"", ""name"": ""error"", ""table"": ""users"", ""detail"": ""Key (id)=(123) already exists."", ""length"": 182, ""schema"": ""public"", ""routine"": ""_bt_check_unique"", ""severity"": ""ERROR"", ""constraint"": ""users_pkey""}, ""query"": ""insert into \""users\"" (\""id\"", \""name\"", \""email\"", \""created_at\"", \""first_login\"", \""last_login\"", \""number\"", \""first_name\"", \""last_name\"", \""phone_number\"", \""is_disable\"", \""job_id\"", \""rank_id\"", \""role_id\"") values ($1, default, default, default, default, default, default, default, default, default, default, $2, $3, default)"", ""params"": [""123"", 1, 2]}",2025-10-17 00:06:49.912 +0200,POST
"57a74f6a-4e56-432d-8b05-57ae36ad2f44","214804833809465345",http://localhost:3000/api/users,"{""id"": ""1234"", ""jobId"": 2, ""rankId"": 12}","{""cause"": {""code"": ""23505"", ""file"": ""nbtinsert.c"", ""line"": ""666"", ""name"": ""error"", ""table"": ""users"", ""detail"": ""Key (id)=(1234) already exists."", ""length"": 183, ""schema"": ""public"", ""routine"": ""_bt_check_unique"", ""severity"": ""ERROR"", ""constraint"": ""users_pkey""}, ""query"": ""insert into \""users\"" (\""id\"", \""name\"", \""email\"", \""created_at\"", \""first_login\"", \""last_login\"", \""number\"", \""first_name\"", \""last_name\"", \""phone_number\"", \""is_disable\"", \""job_id\"", \""rank_id\"", \""role_id\"") values ($1, default, default, default, default, default, default, default, default, default, default, $2, $3, default)"", ""params"": [""1234"", 2, 12]}",2025-10-17 10:51:48.241 +0200,POST
"3acf6875-8df2-4e66-af4a-aa70381e1fc5","214804833809465345",http://localhost:3000/api/users,"{""id"": ""1234"", ""jobId"": 2, ""rankId"": 12}","{""cause"": {""code"": ""23505"", ""file"": ""nbtinsert.c"", ""line"": ""666"", ""name"": ""error"", ""table"": ""users"", ""detail"": ""Key (id)=(1234) already exists."", ""length"": 183, ""schema"": ""public"", ""routine"": ""_bt_check_unique"", ""severity"": ""ERROR"", ""constraint"": ""users_pkey""}, ""query"": ""insert into \""users\"" (\""id\"", \""name\"", \""email\"", \""created_at\"", \""first_login\"", \""last_login\"", \""number\"", \""first_name\"", \""last_name\"", \""phone_number\"", \""is_disable\"", \""job_id\"", \""rank_id\"", \""role_id\"") values ($1, default, default, default, default, default, default, default, default, default, default, $2, $3, default)"", ""params"": [""1234"", 2, 12]}",2025-10-17 10:51:55.320 +0200,POST
"0d90aa08-ebbc-422c-a5f0-958ae7657d6e","214804833809465345",http://localhost:3000/api/users,"{""id"": ""1234"", ""jobId"": 2, ""rankId"": 12}","{""cause"": {""code"": ""23505"", ""file"": ""nbtinsert.c"", ""line"": ""666"", ""name"": ""error"", ""table"": ""users"", ""detail"": ""Key (id)=(1234) already exists."", ""length"": 183, ""schema"": ""public"", ""routine"": ""_bt_check_unique"", ""severity"": ""ERROR"", ""constraint"": ""users_pkey""}, ""query"": ""insert into \""users\"" (\""id\"", \""name\"", \""email\"", \""created_at\"", \""first_login\"", \""last_login\"", \""number\"", \""first_name\"", \""last_name\"", \""phone_number\"", \""is_disable\"", \""job_id\"", \""rank_id\"", \""role_id\"") values ($1, default, default, default, default, default, default, default, default, default, default, $2, $3, default)"", ""params"": [""1234"", 2, 12]}",2025-10-17 10:51:58.722 +0200,POST
ac5fec60-6cef-455e-9f32-6a6891d42c8d,"214804833809465345",http://localhost:3000/api/users,"{""id"": ""1234"", ""jobId"": 2, ""rankId"": 12}","{""cause"": {""code"": ""23505"", ""file"": ""nbtinsert.c"", ""line"": ""666"", ""name"": ""error"", ""table"": ""users"", ""detail"": ""Key (id)=(1234) already exists."", ""length"": 183, ""schema"": ""public"", ""routine"": ""_bt_check_unique"", ""severity"": ""ERROR"", ""constraint"": ""users_pkey""}, ""query"": ""insert into \""users\"" (\""id\"", \""name\"", \""email\"", \""created_at\"", \""first_login\"", \""last_login\"", \""number\"", \""first_name\"", \""last_name\"", \""phone_number\"", \""is_disable\"", \""job_id\"", \""rank_id\"", \""role_id\"") values ($1, default, default, default, default, default, default, default, default, default, default, $2, $3, default)"", ""params"": [""1234"", 2, 12]}",2025-10-17 10:52:18.583 +0200,POST
bcb01c81-5d21-4f48-8493-f77809e51602,"214804833809465345",http://localhost:3000/api/users/540907350662626626,"","{""status"": 401}",2025-10-24 22:08:12.453 +0200,PUT
"27391428-38c0-4e9a-9011-734667131292","214804833809465345",http://localhost:3000/api/users/540907350662626626,"","{""status"": 401}",2025-10-24 22:08:57.982 +0200,PUT
f4c148f6-7326-4fb6-a1dd-82b25b5b99a1,"214804833809465345",http://localhost:3000/api/users/540907350662626626,"","{""status"": 401}",2025-10-24 22:09:52.821 +0200,PUT
"0f55882e-133e-4c81-b8d1-be93994748dd","214804833809465345",http://localhost:3000/api/users/540907350662626626,"","{""status"": 401}",2025-10-24 22:11:05.161 +0200,PUT
f7a2757a-3444-46f2-b9ff-9f475f409cb4,"214804833809465345",http://localhost:3000/api/users,"{""id"": ""1234"", ""jobId"": 2, ""rankId"": 12}","{""cause"": {""code"": ""23505"", ""file"": ""nbtinsert.c"", ""line"": ""666"", ""name"": ""error"", ""table"": ""users"", ""detail"": ""Key (id)=(1234) already exists."", ""length"": 183, ""schema"": ""public"", ""routine"": ""_bt_check_unique"", ""severity"": ""ERROR"", ""constraint"": ""users_pkey""}, ""query"": ""insert into \""users\"" (\""id\"", \""name\"", \""email\"", \""created_at\"", \""first_login\"", \""last_login\"", \""number\"", \""first_name\"", \""last_name\"", \""phone_number\"", \""is_disable\"", \""job_id\"", \""rank_id\"", \""role_id\"") values ($1, default, default, default, default, default, default, default, default, default, default, $2, $3, default)"", ""params"": [""1234"", 2, 12]}",2025-10-17 10:52:23.591 +0200,POST
e0275358-6dd4-42cc-a854-31d90f4b473a,"214804833809465345",http://localhost:3000/api/users,"{""id"": ""1234"", ""jobId"": 2, ""rankId"": 12}","{""cause"": {""code"": ""23505"", ""file"": ""nbtinsert.c"", ""line"": ""666"", ""name"": ""error"", ""table"": ""users"", ""detail"": ""Key (id)=(1234) already exists."", ""length"": 183, ""schema"": ""public"", ""routine"": ""_bt_check_unique"", ""severity"": ""ERROR"", ""constraint"": ""users_pkey""}, ""query"": ""insert into \""users\"" (\""id\"", \""name\"", \""email\"", \""created_at\"", \""first_login\"", \""last_login\"", \""number\"", \""first_name\"", \""last_name\"", \""phone_number\"", \""is_disable\"", \""job_id\"", \""rank_id\"", \""role_id\"") values ($1, default, default, default, default, default, default, default, default, default, default, $2, $3, default)"", ""params"": [""1234"", 2, 12]}",2025-10-17 10:52:27.207 +0200,POST
b17c8cb9-5c1d-44fa-805a-36a37536c3f6,"214804833809465345",http://localhost:3000/api/users?searchTerm=&isDisable=false&jobId=1&roleId=NaN&page=1&itemPerPage=20,"","{""cause"": {""code"": ""22P02"", ""file"": ""numutils.c"", ""line"": ""617"", ""name"": ""error"", ""where"": ""unnamed portal parameter $3 = '...'"", ""length"": 146, ""routine"": ""pg_strtoint32_safe"", ""severity"": ""ERROR""}, ""query"": ""select \""users\"".\""id\"", \""users\"".\""name\"", \""users\"".\""email\"", \""users\"".\""created_at\"", \""users\"".\""first_login\"", \""users\"".\""last_login\"", \""users\"".\""number\"", \""users\"".\""first_name\"", \""users\"".\""last_name\"", \""users\"".\""phone_number\"", \""users\"".\""is_disable\"", \""users\"".\""job_id\"", \""users\"".\""rank_id\"", \""users\"".\""role_id\"", \""jobs\"".\""id\"", \""jobs\"".\""name\"", \""ranks\"".\""id\"", \""ranks\"".\""name\"", \""ranks\"".\""job_id\"", \""ranks\"".\""order\"", \""roles\"".\""id\"", \""roles\"".\""name\"", \""roles\"".\""enum_label\"" from \""users\"" left join \""jobs\"" on \""jobs\"".\""id\"" = \""users\"".\""job_id\"" left join \""ranks\"" on \""ranks\"".\""id\"" = \""users\"".\""rank_id\"" left join \""roles\"" on \""roles\"".\""id\"" = \""users\"".\""role_id\"" where ((\""users\"".\""is_disable\"" = $1 and \""users\"".\""job_id\"" = $2 and \""users\"".\""role_id\"" = $3) and (\""users\"".\""id\"" ilike $4 or \""users\"".\""first_name\"" ilike $5 or \""users\"".\""last_name\"" ilike $6 or \""users\"".\""name\"" ilike $7)) order by \""users\"".\""last_name\"", \""users\"".\""first_name\"", \""users\"".\""number\"" limit $8"", ""params"": [false, 1, null, ""%%"", ""%%"", ""%%"", ""%%"", 20]}",2025-10-17 14:36:52.073 +0200,GET
b40875ff-6422-4d3b-81da-3cd400ecb0ff,"214804833809465345",http://localhost:3000/api/users?searchTerm=&isDisable=false&jobId=1&roleId=NaN&page=1&itemPerPage=20,"","{""cause"": {""code"": ""22P02"", ""file"": ""numutils.c"", ""line"": ""617"", ""name"": ""error"", ""where"": ""unnamed portal parameter $3 = '...'"", ""length"": 146, ""routine"": ""pg_strtoint32_safe"", ""severity"": ""ERROR""}, ""query"": ""select \""users\"".\""id\"", \""users\"".\""name\"", \""users\"".\""email\"", \""users\"".\""created_at\"", \""users\"".\""first_login\"", \""users\"".\""last_login\"", \""users\"".\""number\"", \""users\"".\""first_name\"", \""users\"".\""last_name\"", \""users\"".\""phone_number\"", \""users\"".\""is_disable\"", \""users\"".\""job_id\"", \""users\"".\""rank_id\"", \""users\"".\""role_id\"", \""jobs\"".\""id\"", \""jobs\"".\""name\"", \""ranks\"".\""id\"", \""ranks\"".\""name\"", \""ranks\"".\""job_id\"", \""ranks\"".\""order\"", \""roles\"".\""id\"", \""roles\"".\""name\"", \""roles\"".\""enum_label\"" from \""users\"" left join \""jobs\"" on \""jobs\"".\""id\"" = \""users\"".\""job_id\"" left join \""ranks\"" on \""ranks\"".\""id\"" = \""users\"".\""rank_id\"" left join \""roles\"" on \""roles\"".\""id\"" = \""users\"".\""role_id\"" where ((\""users\"".\""is_disable\"" = $1 and \""users\"".\""job_id\"" = $2 and \""users\"".\""role_id\"" = $3) and (\""users\"".\""id\"" ilike $4 or \""users\"".\""first_name\"" ilike $5 or \""users\"".\""last_name\"" ilike $6 or \""users\"".\""name\"" ilike $7)) order by \""users\"".\""last_name\"", \""users\"".\""first_name\"", \""users\"".\""number\"" limit $8"", ""params"": [false, 1, null, ""%%"", ""%%"", ""%%"", ""%%"", 20]}",2025-10-17 15:02:32.785 +0200,GET
ae7ee233-e2e1-4fdc-aa86-5cfe02ff8283,"214804833809465345",http://localhost:3000/api/users?searchTerm=&isDisable=false&jobId=NaN&rankId=NaN&roleId=NaN&page=1&itemPerPage=20,"","{""cause"": {""code"": ""22P02"", ""file"": ""numutils.c"", ""line"": ""617"", ""name"": ""error"", ""where"": ""unnamed portal parameter $2 = '...'"", ""length"": 146, ""routine"": ""pg_strtoint32_safe"", ""severity"": ""ERROR""}, ""query"": ""select \""users\"".\""id\"", \""users\"".\""name\"", \""users\"".\""email\"", \""users\"".\""created_at\"", \""users\"".\""first_login\"", \""users\"".\""last_login\"", \""users\"".\""number\"", \""users\"".\""first_name\"", \""users\"".\""last_name\"", \""users\"".\""phone_number\"", \""users\"".\""is_disable\"", \""users\"".\""job_id\"", \""users\"".\""rank_id\"", \""users\"".\""role_id\"", \""jobs\"".\""id\"", \""jobs\"".\""name\"", \""ranks\"".\""id\"", \""ranks\"".\""name\"", \""ranks\"".\""job_id\"", \""ranks\"".\""order\"", \""roles\"".\""id\"", \""roles\"".\""name\"", \""roles\"".\""enum_label\"" from \""users\"" left join \""jobs\"" on \""jobs\"".\""id\"" = \""users\"".\""job_id\"" left join \""ranks\"" on \""ranks\"".\""id\"" = \""users\"".\""rank_id\"" left join \""roles\"" on \""roles\"".\""id\"" = \""users\"".\""role_id\"" where ((\""users\"".\""is_disable\"" = $1 and \""users\"".\""job_id\"" = $2 and \""users\"".\""rank_id\"" = $3 and \""users\"".\""role_id\"" = $4) and (\""users\"".\""id\"" ilike $5 or \""users\"".\""first_name\"" ilike $6 or \""users\"".\""last_name\"" ilike $7 or \""users\"".\""name\"" ilike $8)) order by \""users\"".\""last_name\"", \""users\"".\""first_name\"", \""users\"".\""number\"" limit $9"", ""params"": [false, null, null, null, ""%%"", ""%%"", ""%%"", ""%%"", 20]}",2025-10-17 15:11:19.730 +0200,GET
"889acba7-7384-49f7-b6e1-4c94fc7b76a5","214804833809465345",http://localhost:3000/api/users,"{""id"": ""1234"", ""jobId"": 1, ""rankId"": 5}","{""cause"": {""code"": ""23505"", ""file"": ""nbtinsert.c"", ""line"": ""666"", ""name"": ""error"", ""table"": ""users"", ""detail"": ""Key (id)=(1234) already exists."", ""length"": 183, ""schema"": ""public"", ""routine"": ""_bt_check_unique"", ""severity"": ""ERROR"", ""constraint"": ""users_pkey""}, ""query"": ""insert into \""users\"" (\""id\"", \""name\"", \""email\"", \""created_at\"", \""first_login\"", \""last_login\"", \""number\"", \""first_name\"", \""last_name\"", \""phone_number\"", \""is_disable\"", \""job_id\"", \""rank_id\"", \""role_id\"") values ($1, default, default, default, default, default, default, default, default, default, default, $2, $3, default)"", ""params"": [""1234"", 1, 5]}",2025-10-17 17:22:13.423 +0200,POST
f6e84049-8532-4d8e-9b5f-3f3a83a9b3f6,"214804833809465345",http://localhost:3000/api/users,"{""id"": ""1234"", ""jobId"": 1, ""rankId"": 5}","{""cause"": {""code"": ""23505"", ""file"": ""nbtinsert.c"", ""line"": ""666"", ""name"": ""error"", ""table"": ""users"", ""detail"": ""Key (id)=(1234) already exists."", ""length"": 183, ""schema"": ""public"", ""routine"": ""_bt_check_unique"", ""severity"": ""ERROR"", ""constraint"": ""users_pkey""}, ""query"": ""insert into \""users\"" (\""id\"", \""name\"", \""email\"", \""created_at\"", \""first_login\"", \""last_login\"", \""number\"", \""first_name\"", \""last_name\"", \""phone_number\"", \""is_disable\"", \""job_id\"", \""rank_id\"", \""role_id\"") values ($1, default, default, default, default, default, default, default, default, default, default, $2, $3, default)"", ""params"": [""1234"", 1, 5]}",2025-10-17 17:23:29.857 +0200,POST
"1a2d86d4-474d-4abb-9c92-785bc58fbd79","214804833809465345",http://localhost:3000/api/users/540907350662626626,"","{""status"": 401}",2025-10-24 22:08:39.330 +0200,PUT
cd2a8a51-7e12-479b-acb5-700042ee465a,"214804833809465345",http://localhost:3000/api/users/540907350662626626,"","{""status"": 401}",2025-10-24 22:08:45.703 +0200,PUT
"24547ab6-e28d-4312-841e-05026088484f","214804833809465345",http://localhost:3000/api/users/540907350662626626,"","{""status"": 401}",2025-10-24 22:09:28.350 +0200,PUT
"938fb0e2-6f08-4ed5-a397-49ae8dd9e697","214804833809465345",http://localhost:3000/api/users/540907350662626626,"","{""status"": 401}",2025-10-24 22:10:17.808 +0200,PUT
c7382b30-af02-412a-9361-deb042f951d1,"214804833809465345",http://localhost:3000/api/users,"{""id"": ""1234"", ""jobId"": 1, ""rankId"": 2}","{""cause"": {""code"": ""23505"", ""file"": ""nbtinsert.c"", ""line"": ""666"", ""name"": ""error"", ""table"": ""users"", ""detail"": ""Key (id)=(1234) already exists."", ""length"": 183, ""schema"": ""public"", ""routine"": ""_bt_check_unique"", ""severity"": ""ERROR"", ""constraint"": ""users_pkey""}, ""query"": ""insert into \""users\"" (\""id\"", \""name\"", \""email\"", \""created_at\"", \""first_login\"", \""last_login\"", \""number\"", \""first_name\"", \""last_name\"", \""phone_number\"", \""is_disable\"", \""job_id\"", \""rank_id\"", \""role_id\"") values ($1, default, default, default, default, default, default, default, default, default, default, $2, $3, default)"", ""params"": [""1234"", 1, 2]}",2025-10-18 18:15:50.343 +0200,POST
"01cbbd47-3ff8-498d-b18f-a2ef20c3cc97","214804833809465345",http://localhost:3000/api/users?searchTerm=katoucsgo&page=1&itemPerPage=20,"","{""cause"": {""code"": ""42883"", ""file"": ""parse_oper.c"", ""hint"": ""No operator matches the given name and argument types. You might need to add explicit type casts."", ""line"": ""647"", ""name"": ""error"", ""length"": 205, ""routine"": ""op_error"", ""position"": ""742"", ""severity"": ""ERROR""}, ""query"": ""select \""users\"".\""id\"", \""users\"".\""name\"", \""users\"".\""email\"", \""users\"".\""created_at\"", \""users\"".\""first_login\"", \""users\"".\""last_login\"", \""users\"".\""number\"", \""users\"".\""first_name\"", \""users\"".\""last_name\"", \""users\"".\""phone_number\"", \""users\"".\""is_disable\"", \""users\"".\""job_id\"", \""users\"".\""rank_id\"", \""users\"".\""role_id\"", \""jobs\"".\""id\"", \""jobs\"".\""name\"", \""ranks\"".\""id\"", \""ranks\"".\""name\"", \""ranks\"".\""job_id\"", \""ranks\"".\""order\"", \""roles\"".\""id\"", \""roles\"".\""name\"", \""roles\"".\""enum_label\"" from \""users\"" left join \""jobs\"" on \""jobs\"".\""id\"" = \""users\"".\""job_id\"" left join \""ranks\"" on \""ranks\"".\""id\"" = \""users\"".\""rank_id\"" left join \""roles\"" on \""roles\"".\""id\"" = \""users\"".\""role_id\"" where (\""users\"".\""id\"" ilike $1 or \""users\"".\""first_name\"" ilike $2 or \""users\"".\""last_name\"" ilike $3 or \""users\"".\""name\"" ilike $4 or \""users\"".\""number\"" ilike $5 or \""users\"".\""email\"" ilike $6) order by \""users\"".\""last_name\"", \""users\"".\""first_name\"", \""users\"".\""number\"" limit $7"", ""params"": [""%katoucsgo%"", ""%katoucsgo%"", ""%katoucsgo%"", ""%katoucsgo%"", ""%katoucsgo%"", ""%katoucsgo%"", 20]}",2025-10-18 23:56:39.899 +0200,GET
b67fd829-58d3-47d3-a841-557f8458a745,"214804833809465345",http://localhost:3000/api/users?itemPerPage=20&page=1&jobId=1&isDisable=false&searchTerm=214804833809465345,"","{""cause"": {""code"": ""22003"", ""file"": ""numutils.c"", ""line"": ""611"", ""name"": ""error"", ""where"": ""unnamed portal parameter $9 = '...'"", ""length"": 161, ""routine"": ""pg_strtoint32_safe"", ""severity"": ""ERROR""}, ""query"": ""select \""users\"".\""id\"", \""users\"".\""name\"", \""users\"".\""email\"", \""users\"".\""created_at\"", \""users\"".\""first_login\"", \""users\"".\""last_login\"", \""users\"".\""number\"", \""users\"".\""first_name\"", \""users\"".\""last_name\"", \""users\"".\""phone_number\"", \""users\"".\""is_disable\"", \""users\"".\""job_id\"", \""users\"".\""rank_id\"", \""users\"".\""role_id\"", \""jobs\"".\""id\"", \""jobs\"".\""name\"", \""ranks\"".\""id\"", \""ranks\"".\""name\"", \""ranks\"".\""job_id\"", \""ranks\"".\""order\"", \""roles\"".\""id\"", \""roles\"".\""name\"", \""roles\"".\""enum_label\"" from \""users\"" left join \""jobs\"" on \""jobs\"".\""id\"" = \""users\"".\""job_id\"" left join \""ranks\"" on \""ranks\"".\""id\"" = \""users\"".\""rank_id\"" left join \""roles\"" on \""roles\"".\""id\"" = \""users\"".\""role_id\"" where ((\""users\"".\""is_disable\"" = $1 and \""users\"".\""job_id\"" = $2) and (\""users\"".\""id\"" ilike $3 or \""users\"".\""first_name\"" ilike $4 or \""users\"".\""last_name\"" ilike $5 or \""users\"".\""name\"" ilike $6 or \""users\"".\""email\"" ilike $7 or \""users\"".\""phone_number\"" ilike $8 or \""users\"".\""number\"" = $9)) order by \""users\"".\""last_name\"", \""users\"".\""first_name\"", \""users\"".\""number\"" limit $10"", ""params"": [false, 1, ""%214804833809465345%"", ""%214804833809465345%"", ""%214804833809465345%"", ""%214804833809465345%"", ""%214804833809465345%"", ""%214804833809465345%"", 214804833809465340, 20]}",2025-10-23 16:20:04.123 +0200,GET
e568a92c-84d9-46e8-ae93-51ecfd5a7b4c,"214804833809465345",http://localhost:3000/api/users?searchTerm=214804833809465345&page=1&itemPerPage=20,"","{""cause"": {""code"": ""22003"", ""file"": ""numutils.c"", ""line"": ""611"", ""name"": ""error"", ""where"": ""unnamed portal parameter $7 = '...'"", ""length"": 161, ""routine"": ""pg_strtoint32_safe"", ""severity"": ""ERROR""}, ""query"": ""select \""users\"".\""id\"", \""users\"".\""name\"", \""users\"".\""email\"", \""users\"".\""created_at\"", \""users\"".\""first_login\"", \""users\"".\""last_login\"", \""users\"".\""number\"", \""users\"".\""first_name\"", \""users\"".\""last_name\"", \""users\"".\""phone_number\"", \""users\"".\""is_disable\"", \""users\"".\""job_id\"", \""users\"".\""rank_id\"", \""users\"".\""role_id\"", \""jobs\"".\""id\"", \""jobs\"".\""name\"", \""ranks\"".\""id\"", \""ranks\"".\""name\"", \""ranks\"".\""job_id\"", \""ranks\"".\""order\"", \""roles\"".\""id\"", \""roles\"".\""name\"", \""roles\"".\""enum_label\"" from \""users\"" left join \""jobs\"" on \""jobs\"".\""id\"" = \""users\"".\""job_id\"" left join \""ranks\"" on \""ranks\"".\""id\"" = \""users\"".\""rank_id\"" left join \""roles\"" on \""roles\"".\""id\"" = \""users\"".\""role_id\"" where (\""users\"".\""id\"" ilike $1 or \""users\"".\""first_name\"" ilike $2 or \""users\"".\""last_name\"" ilike $3 or \""users\"".\""name\"" ilike $4 or \""users\"".\""email\"" ilike $5 or \""users\"".\""phone_number\"" ilike $6 or \""users\"".\""number\"" = $7) order by \""users\"".\""last_name\"", \""users\"".\""first_name\"", \""users\"".\""number\"" limit $8"", ""params"": [""%214804833809465345%"", ""%214804833809465345%"", ""%214804833809465345%"", ""%214804833809465345%"", ""%214804833809465345%"", ""%214804833809465345%"", 214804833809465340, 20]}",2025-10-23 16:20:38.408 +0200,GET
"53f4ed90-400e-41d0-ba98-f2076118299a","214804833809465345",http://localhost:3000/api/users/259799556673068658,"{""id"": ""259799556673068658"", ""jobId"": 1, ""number"": 5067, ""rankId"": 8, ""roleId"": 20, ""lastName"": ""BrownNNN"", ""firstName"": ""Alex"", ""isDisable"": false, ""phoneNumber"": ""682941203""}","{""status"": 401}",2025-10-23 22:19:21.705 +0200,PUT
c836734a-be2a-4aff-b92a-61fe43b28e18,"214804833809465345",http://localhost:3000/api/users/259799556673068658,"{""id"": ""259799556673068658"", ""jobId"": 1, ""number"": 5067, ""rankId"": 8, ""roleId"": 20, ""lastName"": ""BrownNNN"", ""firstName"": ""Alex"", ""isDisable"": false, ""phoneNumber"": ""682941203""}","{""status"": 401}",2025-10-23 22:21:29.486 +0200,PUT
a63c8552-17ae-4f3e-939b-0e4ac0618d81,"214804833809465345",http://localhost:3000/api/users/259799556673068658,"{""id"": ""259799556673068658"", ""jobId"": 1, ""number"": 5067, ""rankId"": 8, ""roleId"": 20, ""lastName"": ""BrownNNN"", ""firstName"": ""Alex"", ""isDisable"": false, ""phoneNumber"": ""682941203""}","{""status"": 401}",2025-10-23 22:22:52.324 +0200,PUT
"16e279c9-aef9-47e0-8ee7-85af6fe39b6d","214804833809465345",http://localhost:3000/api/users,"{""id"": ""111"", ""jobId"": 1, ""rankId"": 9}","{""cause"": {""code"": ""23505"", ""file"": ""nbtinsert.c"", ""line"": ""666"", ""name"": ""error"", ""table"": ""users"", ""detail"": ""Key (id)=(111) already exists."", ""length"": 182, ""schema"": ""public"", ""routine"": ""_bt_check_unique"", ""severity"": ""ERROR"", ""constraint"": ""users_pkey""}, ""query"": ""insert into \""users\"" (\""id\"", \""name\"", \""email\"", \""created_at\"", \""first_login\"", \""last_login\"", \""number\"", \""first_name\"", \""last_name\"", \""phone_number\"", \""is_disable\"", \""job_id\"", \""rank_id\"", \""role_id\"") values ($1, default, default, default, default, default, default, default, default, default, default, $2, $3, default) returning \""id\"""", ""params"": [""111"", 1, 9]}",2025-10-24 12:44:00.048 +0200,POST
"1a5f9bed-96af-4737-aa80-36ebdc2346f4","214804833809465345",http://localhost:3000/api/users,"{""id"": ""111"", ""jobId"": 1, ""rankId"": 9}","{""status"": 409}",2025-10-24 12:48:49.364 +0200,POST
"57a2e225-a589-4d0d-b89d-860b5919c992","214804833809465345",http://localhost:3000/api/users,"{""id"": ""111"", ""jobId"": 1, ""rankId"": 8}","{""status"": 409}",2025-10-24 12:49:21.501 +0200,POST
"6aedbc0a-1763-42d3-9703-9c5b6758d095","214804833809465345",http://localhost:3000/api/users/202317429946516319,"","{""status"": 401}",2025-10-24 22:02:32.652 +0200,PUT
"328031e1-d7fb-4d46-8dd5-7f180997fa87","214804833809465345",http://localhost:3000/api/users/540907350662626626,"","{""status"": 401}",2025-10-24 22:06:14.927 +0200,PUT
c592aa96-1d5a-4b8a-bfbe-eef80dc99962,"214804833809465345",http://localhost:3000/api/users/540907350662626626,"","{""status"": 401}",2025-10-24 22:12:53.850 +0200,PUT
"1056d3c2-0914-4694-bb63-126ad9478a89","214804833809465345",http://localhost:3000/api/citizens/29469b67-8932-4c4b-867f-94d0a2a64634,"","{}",2025-10-26 12:45:38.935 +0100,PUT
"1f3ad693-097c-48a6-a4f7-af9d0fca83cf","214804833809465345",http://localhost:3000/api/citizens/29469b67-8932-4c4b-867f-94d0a2a64634,"","{}",2025-10-26 12:46:01.709 +0100,PUT
ffa26aa7-6e65-47f8-a6d8-e86c80afae1b,"214804833809465345",http://localhost:3000/api/citizens/29469b67-8932-4c4b-867f-94d0a2a64634,"","{}",2025-10-26 12:46:55.143 +0100,PUT
"988dfed6-7ce8-428f-8789-99bdb6f53a45","214804833809465345",http://localhost:3000/api/citizens/29469b67-8932-4c4b-867f-94d0a2a64634,"","{}",2025-10-26 12:47:58.464 +0100,PUT
"9331cbfc-9dd6-4981-b367-064f56ebd10b","214804833809465345",http://localhost:3000/api/citizens/29469b67-8932-4c4b-867f-94d0a2a64634,"","{""code"": ""ECONNRESET""}",2025-10-26 12:57:37.064 +0100,PUT
d1c2ae11-7e4b-4119-a26a-a6e77fe811b4,"214804833809465345",http://localhost:3000/api/citizens/29469b67-8932-4c4b-867f-94d0a2a64634,"","{}",2025-10-26 12:58:39.770 +0100,PUT
"9e60964b-d115-416f-bcb2-6e4da37c49d5","214804833809465345",http://localhost:3000/api/citizens/29469b67-8932-4c4b-867f-94d0a2a64634,"","{}",2025-10-26 12:59:58.130 +0100,PUT
"77225b3a-f2a3-420d-833b-5922945dc555","214804833809465345",http://localhost:3000/api/citizens/29469b67-8932-4c4b-867f-94d0a2a64634,"","{}",2025-10-26 13:00:11.019 +0100,PUT
"7e4f02d1-9b73-4019-b2ba-301a13684838","214804833809465345",http://localhost:3000/api/citizens/29469b67-8932-4c4b-867f-94d0a2a64634,"{""id"": ""29469b67-8932-4c4b-867f-94d0a2a64634"", ""job"": ""Glandeur"", ""city"": ""prout"", ""gender"": {""key"": 1}, ""height"": 200, ""origin"": null, ""status"": {""key"": 1}, ""weight"": 102, ""address"": ""111 caca"", ""eyeColor"": ""Bleus"", ""isWanted"": true, ""lastName"": ""Je suis un test"", ""birthDate"": ""1988-05-10"", ""bloodType"": {""key"": 5}, ""firstName"": ""test"", ""hairColor"": ""Blond"", ""hasTattoo"": true, ""birthPlace"": ""Saint pol"", ""description"": ""Lorem ipsum dolor sit amet consectetur adipisicing elit. Assumenda quaerat nisi voluptatem deleniti amet distinctio accusamus quibusdam, laborum ducimus ipsa, dolor unde mollitia perspiciatis tenetur repellendus earum exercitationem, neque obcaecati."", ""nationality"": {""key"": 39}, ""phoneNumber"": ""555454223""}","{}",2025-10-26 13:01:06.300 +0100,PUT
dfb9218d-2a81-43ed-9dd6-f4b70984a078,"214804833809465345",http://localhost:3000/api/citizens/29469b67-8932-4c4b-867f-94d0a2a64634,"{""id"": ""29469b67-8932-4c4b-867f-94d0a2a64634"", ""job"": ""Glandeur"", ""city"": ""prout"", ""gender"": {""key"": 1}, ""height"": 200, ""origin"": null, ""status"": {""key"": 1}, ""weight"": 102, ""address"": ""111 caca"", ""eyeColor"": ""Bleus"", ""isWanted"": true, ""lastName"": ""Je suis un test"", ""birthDate"": ""1988-05-10"", ""bloodType"": {""key"": 5}, ""firstName"": ""test"", ""hairColor"": ""Blond"", ""hasTattoo"": true, ""birthPlace"": ""Saint pol"", ""description"": ""Lorem ipsum dolor sit amet consectetur adipisicing elit. Assumenda quaerat nisi voluptatem deleniti amet distinctio accusamus quibusdam, laborum ducimus ipsa, dolor unde mollitia perspiciatis tenetur repellendus earum exercitationem, neque obcaecati."", ""nationality"": {""key"": 39}, ""phoneNumber"": ""555454223""}","{}",2025-10-26 14:48:55.102 +0100,PUT
"64c43ace-db7f-46a4-9117-33385455bfc8","214804833809465345",http://localhost:3000/api/citizens/29469b67-8932-4c4b-867f-94d0a2a64634,"{""id"": ""29469b67-8932-4c4b-867f-94d0a2a64634"", ""job"": ""Glandeur"", ""city"": ""prout"", ""gender"": {""key"": 1}, ""height"": 200, ""origin"": null, ""status"": {""key"": 1}, ""weight"": 102, ""address"": ""111 caca"", ""eyeColor"": ""Bleus"", ""isWanted"": true, ""lastName"": ""Je suis un test"", ""birthDate"": ""1988-05-10"", ""bloodType"": {""key"": 5}, ""firstName"": ""test"", ""hairColor"": ""Blond"", ""hasTattoo"": true, ""birthPlace"": ""Saint pol"", ""description"": ""Lorem ipsum dolor sit amet consectetur adipisicing elit. Assumenda quaerat nisi voluptatem deleniti amet distinctio accusamus quibusdam, laborum ducimus ipsa, dolor unde mollitia perspiciatis tenetur repellendus earum exercitationem, neque obcaecati."", ""nationality"": {""key"": 39}, ""phoneNumber"": ""555454223""}","{}",2025-10-26 14:50:23.744 +0100,PUT
"3f1bd119-0b8b-4edb-8dc0-64dfdcfec608","214804833809465345",http://localhost:3000/api/citizens/29469b67-8932-4c4b-867f-94d0a2a64634,"{""id"": ""29469b67-8932-4c4b-867f-94d0a2a64634"", ""job"": ""Glandeur"", ""city"": ""prout"", ""gender"": {""key"": 1}, ""height"": 200, ""origin"": null, ""status"": {""key"": 1}, ""weight"": 102, ""address"": ""111 caca"", ""eyeColor"": ""Bleus"", ""isWanted"": true, ""lastName"": ""Je suis un test"", ""birthDate"": ""1988-05-10"", ""bloodType"": {""key"": 5}, ""firstName"": ""test"", ""hairColor"": ""Blond"", ""hasTattoo"": true, ""birthPlace"": ""Saint pol"", ""description"": ""Lorem ipsum dolor sit amet consectetur adipisicing elit. Assumenda quaerat nisi voluptatem deleniti amet distinctio accusamus quibusdam, laborum ducimus ipsa, dolor unde mollitia perspiciatis tenetur repellendus earum exercitationem, neque obcaecati."", ""nationality"": {""key"": 39}, ""phoneNumber"": ""555454223""}","{}",2025-10-26 14:51:01.833 +0100,PUT
"59147012-bd33-4dc9-bee5-c0aa9769bc9c","214804833809465345",http://localhost:3000/api/citizens/29469b67-8932-4c4b-867f-94d0a2a64634,"{""id"": ""29469b67-8932-4c4b-867f-94d0a2a64634"", ""job"": ""Glandeur"", ""city"": ""prout"", ""gender"": {""key"": 1}, ""height"": 200, ""origin"": null, ""status"": {""key"": 1}, ""weight"": 102, ""address"": ""111 caca"", ""eyeColor"": ""Bleus"", ""isWanted"": true, ""lastName"": ""Je suis un test"", ""birthDate"": ""1988-05-10"", ""bloodType"": {""key"": 5}, ""firstName"": ""test"", ""hairColor"": ""Blond"", ""hasTattoo"": true, ""birthPlace"": ""Saint pol"", ""description"": ""Lorem ipsum dolor sit amet consectetur adipisicing elit. Assumenda quaerat nisi voluptatem deleniti amet distinctio accusamus quibusdam, laborum ducimus ipsa, dolor unde mollitia perspiciatis tenetur repellendus earum exercitationem, neque obcaecati."", ""nationality"": {""key"": 39}, ""phoneNumber"": ""555454223""}","{}",2025-10-26 14:51:47.566 +0100,PUT
"519036d5-d12e-4857-ae4c-5c3799529f20","214804833809465345",http://localhost:3000/api/citizens/29469b67-8932-4c4b-867f-94d0a2a64634,"","{}",2025-10-26 15:03:30.632 +0100,PUT
